iter	MultiClass
0	0.5802800118
1	0.3895869594
2	0.2929554823
3	0.2362689158
4	0.2051019961
5	0.1801003214
6	0.1684934779
7	0.156178214
8	0.1355133871
9	0.1288988302
