iter	MultiClass
0	0.6356554709
1	0.4192100523
2	0.3262653475
3	0.2495907666
4	0.1935504422
5	0.159578051
6	0.1271881838
7	0.106891217
8	0.09288277464
9	0.07847054606
